﻿Designator,Footprint,Quantity,Value,LCSC Part #
"_4, _3, _2, ",,4,,
"1_2, 1",JUMPER,2,3,
"5V1, B1, G1, R1, S1, SL1, SN1, SR2, XL1, XR2, YL1, YR2",TP50,12,TP_50,
"A, B, C, E, F, G",JUMPER_PADSX2,6,JUMPER_PADSX2,
"C1, C20, C6",0603,3,0.1uF/50V,
"C10, C11, C12, C13, C14, C15",0603,6,1uF/16V,
"C16, C9",0805,2,0805,
"C17, C7",1206_P,2,22uF/10V,
"C18, C19, C2, C3, C4, C5",0603,6,270pF/50V,
"C21, C22, C8",CP_TANTALUM_CASE-B_EIA-3528-21_REFLOW,3,CP_TANTALUM_CASE-B_EIA-3528-21_REFLOW,
CON1,MD-90SM,1,MD-90SM,
D,JUMPER_PADSX3,1,JUMPER_PADSX3,
"G_3, G_2",OSHW-LOGO_5MM,2,LOGO,
"R1_2, R12, R19",0603,3,2.20k,
"R10, R11, R38, R39, R6, R7, R8, R9",0603,8,1.00k,
"R13, R14, R15, R16, R17, R18",0603,6,75.0,
"R2, R3, R4, R5",0603,4,5.62k,
"R20, R21, R24, R25, R29, R30",0603,6,130k,
"R22, R23",0603,2,100k,
"R26, R27",0603,2,10.0k,
"R28, R31, R32, R33",0603,4,6.19k,
"R34, R35",0603,2,162k,
"R36, R37",0603,2,332,
U2,TSSOP-14,1,THS7374IPWR,
U3,DMP-8,1,DMP-8,
